{
  "downstairs": 0.04281556100774367,
  "upstairs": 0.040985850885870916
}
