{
  "downstairs": 0.043035837283628656,
  "upstairs": 0.04348597580727833
}
