{
  "downstairs": 0.043035837283628656,
  "upstairs": 0.040985850885870916
}
